[
  {
    "departmentCode": "DEP-101",
    "programCode": "PRO-11101",
    "programName": "Bachelor of Medicine",
    "programType": "Bachelor",
    "programLevel": "Undergraduate",
    "programDuration": "5 years",
    "shifts": ["Day"],
    "startDate": "2013-11-16T22:07:47.022+00:00"
  },
  {
    "departmentCode": "DEP-102",
    "programCode": "PRO-12101",
    "programName": "Bachelor of Surgery",
    "programType": "Bachelor",
    "programLevel": "Undergraduate",
    "programDuration": "5 years",
    "shifts": ["Day"],
    "startDate": "2011-11-16T22:07:47.022+00:00"
  },
  {
    "departmentCode": "DEP-201",
    "programCode": "PRO-21101",
    "programName": "Bachelor of Computer Science",
    "programType": "Bachelor",
    "programLevel": "Undergraduate",
    "programDuration": "4 years",
    "shifts": ["Day", "Evening"],
    "startDate": "2012-11-16T22:07:47.022+00:00"
  },
  {
    "departmentCode": "DEP-201",
    "programCode": "PRO-21102",
    "programName": "Bachelor of Information Technology",
    "programType": "Bachelor",
    "programLevel": "Undergraduate",
    "programDuration": "4 years",
    "shifts": ["Day", "Evening"],
    "startDate": "2003-11-16T22:07:47.022+00:00"
  },
  {
    "departmentCode": "DEP-201",
    "programCode": "PRO-21103",
    "programName": "Bachelor of Computer Programming",
    "programType": "Bachelor",
    "programLevel": "Undergraduate",
    "programDuration": "4 years",
    "shifts": ["Day"],
    "startDate": "2009-11-16T22:07:47.022+00:00"
  },
  {
    "departmentCode": "DEP-201",
    "programCode": "PRO-21104",
    "programName": "Bachelor of Software Engineering",
    "programType": "Bachelor",
    "programLevel": "Undergraduate",
    "programDuration": "4 years",
    "shifts": ["Evening"],
    "startDate": "2008-11-16T22:07:47.022+00:00"
  },
  {
    "departmentCode": "DEP-202",
    "programCode": "PRO-22101",
    "programName": "Bachelor of Artificial Intelligence",
    "programType": "Bachelor",
    "programLevel": "Undergraduate",
    "programDuration": "4 years",
    "shifts": ["Day"],
    "startDate": "2005-11-16T22:07:47.022+00:00"
  },
  {
    "departmentCode": "DEP-202",
    "programCode": "PRO-22102",
    "programName": "Bachelor of Machine Learning",
    "programType": "Bachelor",
    "programLevel": "Undergraduate",
    "programDuration": "4 years",
    "shifts": ["Evening"],
    "startDate": "2010-11-16T22:07:47.022+00:00"
  },
  {
    "departmentCode": "DEP-301",
    "programCode": "PRO-31101",
    "programName": "Bachelor of Environmental Science",
    "programType": "Bachelor",
    "programLevel": "Undergraduate",
    "programDuration": "4 years",
    "shifts": ["Day"],
    "startDate": "2014-11-16T22:07:47.022+00:00"
  },
  {
    "departmentCode": "DEP-302",
    "programCode": "PRO-32101",
    "programName": "Bachelor of Ecology",
    "programType": "Bachelor",
    "programLevel": "Undergraduate",
    "programDuration": "4 years",
    "shifts": ["Evening"],
    "startDate": "2008-11-16T22:07:47.022+00:00"
  },
  {
    "departmentCode": "DEP-401",
    "programCode": "PRO-41101",
    "programName": "Bachelor of Music Composition",
    "programType": "Bachelor",
    "programLevel": "Undergraduate",
    "programDuration": "4 years",
    "shifts": ["Day"],
    "startDate": "2013-11-16T22:07:47.022+00:00"
  },
  {
    "departmentCode": "DEP-402",
    "programCode": "PRO-42101",
    "programName": "Bachelor of Theater Arts",
    "programType": "Bachelor",
    "programLevel": "Undergraduate",
    "programDuration": "4 years",
    "shifts": ["Evening"],
    "startDate": "2011-11-16T22:07:47.022+00:00"
  },
  {
    "departmentCode": "DEP-501",
    "programCode": "PRO-51101",
    "programName": "Bachelor of Criminal Justice",
    "programType": "Bachelor",
    "programLevel": "Undergraduate",
    "programDuration": "4 years",
    "shifts": ["Evening"],
    "startDate": "2012-11-16T22:07:47.022+00:00"
  },
  {
    "departmentCode": "DEP-501",
    "programCode": "PRO-51102",
    "programName": "Bachelor of Criminal Law",
    "programType": "Bachelor",
    "programLevel": "Undergraduate",
    "programDuration": "4 years",
    "shifts": ["Day"],
    "startDate": "2003-11-16T22:07:47.022+00:00"
  },
  {
    "departmentCode": "DEP-501",
    "programCode": "PRO-51103",
    "programName": "Bachelor of International Criminal Law",
    "programType": "Bachelor",
    "programLevel": "Undergraduate",
    "programDuration": "4 years",
    "shifts": ["Evening"],
    "startDate": "2009-11-16T22:07:47.022+00:00"
  },
  {
    "departmentCode": "DEP-502",
    "programCode": "PRO-52101",
    "programName": "Bachelor of Corporate Law",
    "programType": "Bachelor",
    "programLevel": "Undergraduate",
    "programDuration": "4 years",
    "shifts": ["Day"],
    "startDate": "2008-11-16T22:07:47.022+00:00"
  },
  {
    "departmentCode": "DEP-502",
    "programCode": "PRO-52102",
    "programName": "Bachelor of Tax Law",
    "programType": "Bachelor",
    "programLevel": "Undergraduate",
    "programDuration": "4 years",
    "shifts": ["Evening"],
    "startDate": "2005-11-16T22:07:47.022+00:00"
  },
  {
    "departmentCode": "DEP-601",
    "programCode": "PRO-61101",
    "programName": "Bachelor of Crop Science",
    "programType": "Bachelor",
    "programLevel": "Undergraduate",
    "programDuration": "4 years",
    "shifts": ["Day"],
    "startDate": "2010-11-16T22:07:47.022+00:00"
  },
  {
    "departmentCode": "DEP-601",
    "programCode": "PRO-61102",
    "programName": "Bachelor of Soil Science",
    "programType": "Bachelor",
    "programLevel": "Undergraduate",
    "programDuration": "4 years",
    "shifts": ["Evening"],
    "startDate": "2014-11-16T22:07:47.022+00:00"
  },
  {
    "departmentCode": "DEP-602",
    "programCode": "PRO-62101",
    "programName": "Bachelor of Livestock Management",
    "programType": "Bachelor",
    "programLevel": "Undergraduate",
    "programDuration": "4 years",
    "shifts": ["Day"],
    "startDate": "2013-11-16T22:07:47.022+00:00"
  },
  {
    "departmentCode": "DEP-801",
    "programCode": "PRO-81101",
    "programName": "Bachelor of Finance",
    "programType": "Bachelor",
    "programLevel": "Undergraduate",
    "programDuration": "4 years",
    "shifts": ["Day"],
    "startDate": "2011-11-16T22:07:47.022+00:00"
  },
  {
    "departmentCode": "DEP-801",
    "programCode": "PRO-81102",
    "programName": "Bachelor of Banking and Financial Management",
    "programType": "Bachelor",
    "programLevel": "Undergraduate",
    "programDuration": "4 years",
    "shifts": ["Evening"],
    "startDate": "2011-11-16T22:07:47.022+00:00"
  },
  {
    "departmentCode": "DEP-802",
    "programCode": "PRO-82101",
    "programName": "Bachelor of Economics",
    "programType": "Bachelor",
    "programLevel": "Undergraduate",
    "programDuration": "4 years",
    "shifts": ["Day"],
    "startDate": "2012-11-16T22:07:47.022+00:00"
  },
  {
    "departmentCode": "DEP-802",
    "programCode": "PRO-82102",
    "programName": "Bachelor of Economic Policy Analysis",
    "programType": "Bachelor",
    "programLevel": "Undergraduate",
    "programDuration": "4 years",
    "shifts": ["Evening"],
    "startDate": "2003-11-16T22:07:47.022+00:00"
  },
  {
    "departmentCode": "DEP-1001",
    "programCode": "PRO-101101",
    "programName": "Bachelor of English Linguistics",
    "programType": "Bachelor",
    "programLevel": "Undergraduate",
    "programDuration": "4 years",
    "shifts": ["Day"],
    "startDate": "2009-11-16T22:07:47.022+00:00"
  },
  {
    "departmentCode": "DEP-1001",
    "programCode": "PRO-101102",
    "programName": "Bachelor of Applied Linguistics",
    "programType": "Bachelor",
    "programLevel": "Undergraduate",
    "programDuration": "4 years",
    "shifts": ["Evening"],
    "startDate": "2008-11-16T22:07:47.022+00:00"
  },
  {
    "departmentCode": "DEP-1002",
    "programCode": "PRO-102101",
    "programName": "Bachelor of Foreign Languages",
    "programType": "Bachelor",
    "programLevel": "Undergraduate",
    "programDuration": "4 years",
    "shifts": ["Day"],
    "startDate": "2005-11-16T22:07:47.022+00:00"
  },
  {
    "departmentCode": "DEP-1002",
    "programCode": "PRO-102102",
    "programName": "Bachelor of Translation Studies",
    "programType": "Bachelor",
    "programLevel": "Undergraduate",
    "programDuration": "4 years",
    "shifts": ["Evening"],
    "startDate": "2010-11-16T22:07:47.022+00:00"
  }
]

